Huber;Peter;1955
Meier;Irene;1960
Muster;Anna;1974
Langenegger;Markus;1986
Schwinghammer;Stefan;1984
Mani;Ramona;1992
Huber;Peter;1955
Meier;Irene;1960
Muster;Anna;1974
Langenegger;Markus;1986
Schwinghammer;Stefan;1984
Mani;Ramona;1992
Huber;Peter;1955
Meier;Irene;1960
Muster;Anna;1974
Langenegger;Markus;1986
Schwinghammer;Stefan;1984
Mani;Ramona;1992
Huber;Peter;1955
Meier;Irene;1960
Muster;Anna;1974
Langenegger;Markus;1986
Schwinghammer;Stefan;1984
Mani;Ramona;1992
Huber;Peter;1955
Meier;Irene;1960
Muster;Anna;1974
Langenegger;Markus;1986
Schwinghammer;Stefan;1984
Mani;Ramona;1992
Huber;Peter;1955
Meier;Irene;1960
Muster;Anna;1974
Langenegger;Markus;1986
Schwinghammer;Stefan;1984
Mani;Ramona;1992
Huber;Peter;1955
Meier;Irene;1960
Muster;Anna;1974
Langenegger;Markus;1986
Schwinghammer;Stefan;1984
Mani;Ramona;1992
Huber;Peter;1955
Meier;Irene;1960
Muster;Anna;1974
Langenegger;Markus;1986
Schwinghammer;Stefan;1984
Mani;Ramona;1992
Huber;Peter;1955
Meier;Irene;1960
Muster;Anna;1974
Langenegger;Markus;1986
Schwinghammer;Stefan;1984
Mani;Ramona;1992
Huber;Peter;1955
Meier;Irene;1960
Muster;Anna;1974
Langenegger;Markus;1986
Schwinghammer;Stefan;1984
Mani;Ramona;1992
Huber;Peter;1955
Meier;Irene;1960
Muster;Anna;1974
Langenegger;Markus;1986
Schwinghammer;Stefan;1984
Mani;Ramona;1992
Huber;Peter;1955
Meier;Irene;1960
Muster;Anna;1974
Langenegger;Markus;1986
Schwinghammer;Stefan;1984
Mani;Ramona;1992
Huber;Peter;1955
Meier;Irene;1960
Muster;Anna;1974
Langenegger;Markus;1986
Schwinghammer;Stefan;1984
Mani;Ramona;1992
Huber;Peter;1955
Meier;Irene;1960
Muster;Anna;1974
Langenegger;Markus;1986
Schwinghammer;Stefan;1984
Mani;Ramona;1992
Huber;Peter;1955
Meier;Irene;1960
Muster;Anna;1974
Langenegger;Markus;1986
Schwinghammer;Stefan;1984
Mani;Ramona;1992
Huber;Peter;1955
Meier;Irene;1960
Muster;Anna;1974
Langenegger;Markus;1986
Schwinghammer;Stefan;1984
Mani;Ramona;1992
Huber;Peter;1955
Meier;Irene;1960
Muster;Anna;1974
Langenegger;Markus;1986
Schwinghammer;Stefan;1984
Mani;Ramona;1992
Mani;Patricia;1968
